ansible,1,1,lib/ansible/galaxy/collection.py;
ansible,10,1,lib/ansible/modules/system/pamd.py;
ansible,11,1,lib/ansible/modules/network/ios/ios_banner.py;
ansible,12,1,lib/ansible/plugins/lookup/env.py;
ansible,13,2,lib/ansible/cli/galaxy.py;lib/ansible/galaxy/collection.py;
ansible,14,1,lib/ansible/galaxy/api.py;
ansible,15,1,lib/ansible/modules/network/eos/eos_eapi.py;
ansible,16,2,lib/ansible/module_utils/facts/hardware/linux.py;test/units/module_utils/facts/hardware/linux_data.py;
ansible,17,1,lib/ansible/module_utils/facts/hardware/linux.py;
ansible,18,1,lib/ansible/cli/galaxy.py;
ansible,2,1,lib/ansible/utils/version.py;
ansible,3,1,lib/ansible/module_utils/facts/system/distribution.py;
ansible,4,1,lib/ansible/playbook/collectionsearch.py;
ansible,5,2,lib/ansible/module_utils/common/validation.py;test/units/module_utils/common/validation/test_check_mutually_exclusive.py;
ansible,6,1,lib/ansible/galaxy/collection.py;
ansible,7,1,lib/ansible/module_utils/network/eos/config/vlans/vlans.py;
ansible,8,1,lib/ansible/plugins/shell/powershell.py;
ansible,9,1,lib/ansible/modules/packaging/os/redhat_subscription.py;
black,1,1,black.py;
black,10,1,blib2to3/pgen2/driver.py;
black,11,1,black.py;
black,12,1,black.py;
black,13,1,blib2to3/pgen2/tokenize.py;
black,14,2,black.py;tests/data/python2_unicode_literals.py;
black,15,1,black.py;
black,16,1,black.py;
black,17,1,black.py;
black,18,1,black.py;
black,19,1,black.py;
black,2,1,black.py;
black,20,1,black.py;
black,21,1,black.py;
black,22,1,black.py;
black,23,3,black.py;blib2to3/pygram.py;tests/function.py;
black,3,1,black.py;
black,4,1,black.py;
black,5,1,black.py;
black,6,4,black.py;blib2to3/pgen2/driver.py;blib2to3/pgen2/tokenize.py;tests/data/python37.py;
black,7,1,black.py;
black,8,1,black.py;
black,9,1,black.py;
cookiecutter,1,1,cookiecutter/generate.py;
cookiecutter,2,1,cookiecutter/hooks.py;
cookiecutter,3,1,cookiecutter/prompt.py;
cookiecutter,4,3,cookiecutter/exceptions.py;cookiecutter/generate.py;cookiecutter/hooks.py;
fastapi,10,1,fastapi/routing.py;
fastapi,11,1,fastapi/dependencies/utils.py;
fastapi,12,1,fastapi/security/http.py;
fastapi,13,1,fastapi/routing.py;
fastapi,14,1,fastapi/openapi/models.py;
fastapi,15,1,fastapi/routing.py;
fastapi,16,1,fastapi/encoders.py;
fastapi,2,1,fastapi/routing.py;
fastapi,3,1,fastapi/routing.py;
fastapi,4,1,fastapi/openapi/utils.py;
fastapi,5,1,fastapi/utils.py;
fastapi,6,1,fastapi/dependencies/utils.py;
fastapi,7,1,fastapi/exception_handlers.py;
fastapi,8,1,fastapi/routing.py;
fastapi,9,1,fastapi/dependencies/utils.py;
httpie,1,1,httpie/downloads.py;
httpie,2,2,httpie/client.py;httpie/core.py;
httpie,3,1,httpie/sessions.py;
httpie,4,1,httpie/models.py;
httpie,5,1,httpie/cli.py;
keras,1,4,keras/backend/tensorflow_backend.py;keras/backend/theano_backend.py;keras/initializers.py;tests/keras/backend/backend_test.py;
keras,10,1,keras/engine/training_utils.py;
keras,11,5,keras/engine/training_generator.py;keras/engine/training_utils.py;keras/utils/data_utils.py;tests/keras/utils/data_utils_test.py;tests/test_multiprocessing.py;
keras,12,0
0,
keras,13,1,keras/engine/training_generator.py;
keras,14,1,keras/metrics.py;
keras,15,1,keras/callbacks.py;
keras,16,1,keras/engine/sequential.py;
keras,17,1,keras/metrics.py;
keras,18,1,keras/backend/tensorflow_backend.py;
keras,19,2,keras/backend/cntk_backend.py;keras/layers/recurrent.py;
keras,2,1,keras/backend/numpy_backend.py;
keras,20,5,keras/backend/cntk_backend.py;keras/backend/tensorflow_backend.py;keras/backend/theano_backend.py;keras/layers/convolutional.py;keras/utils/conv_utils.py;
keras,21,1,keras/callbacks.py;
keras,22,1,keras/engine/input_layer.py;
keras,23,1,keras/engine/sequential.py;
keras,24,1,keras/callbacks.py;
keras,25,1,keras/applications/imagenet_utils.py;
keras,26,1,keras/backend/tensorflow_backend.py;
keras,27,1,keras/layers/wrappers.py;
keras,28,1,keras/preprocessing/sequence.py;
keras,29,1,keras/engine/training.py;
keras,3,1,keras/models.py;
keras,30,1,keras/engine/training.py;
keras,31,1,keras/backend/tensorflow_backend.py;
keras,32,1,keras/callbacks.py;
keras,33,1,keras/preprocessing/text.py;
keras,34,2,keras/engine/training.py;keras/utils/data_utils.py;
keras,35,1,keras/preprocessing/image.py;
keras,36,1,keras/backend/tensorflow_backend.py;
keras,37,2,keras/layers/recurrent.py;keras/layers/wrappers.py;
keras,38,1,keras/layers/recurrent.py;
keras,39,1,keras/utils/generic_utils.py;
keras,4,1,keras/optimizers.py;
keras,40,1,keras/layers/recurrent.py;
keras,41,2,keras/utils/data_utils.py;tests/test_multiprocessing.py;
keras,42,2,keras/engine/training.py;keras/models.py;
keras,43,1,keras/utils/np_utils.py;
keras,44,1,keras/layers/recurrent.py;
keras,45,1,keras/layers/recurrent.py;
keras,5,1,keras/utils/data_utils.py;
keras,6,1,keras/engine/training_utils.py;
keras,7,1,keras/wrappers/scikit_learn.py;
keras,8,1,keras/engine/network.py;
keras,9,1,docs/autogen.py;
luigi,1,1,luigi/server.py;
luigi,10,1,luigi/scheduler.py;
luigi,11,1,luigi/scheduler.py;
luigi,12,1,luigi/contrib/hdfs/clients.py;
luigi,13,1,luigi/file.py;
luigi,14,1,luigi/scheduler.py;
luigi,15,1,luigi/scheduler.py;
luigi,16,1,luigi/scheduler.py;
luigi,17,1,luigi/interface.py;
luigi,18,1,luigi/scheduler.py;
luigi,19,1,luigi/scheduler.py;
luigi,2,1,luigi/contrib/beam_dataflow.py;
luigi,20,1,luigi/task.py;
luigi,21,1,luigi/interface.py;
luigi,22,1,luigi/scheduler.py;
luigi,23,2,luigi/interface.py;luigi/scheduler.py;
luigi,24,1,luigi/contrib/spark.py;
luigi,25,1,luigi/contrib/redshift.py;
luigi,26,1,luigi/contrib/hadoop_jar.py;
luigi,27,1,luigi/parameter.py;
luigi,28,1,luigi/contrib/hive.py;
luigi,29,2,luigi/task_register.py;test/cmdline_test.py;
luigi,3,1,luigi/parameter.py;
luigi,30,1,luigi/worker.py;
luigi,31,1,luigi/scheduler.py;
luigi,32,1,luigi/task_register.py;
luigi,33,1,luigi/task.py;
luigi,4,1,luigi/contrib/redshift.py;
luigi,5,1,luigi/util.py;
luigi,6,1,luigi/parameter.py;
luigi,7,1,luigi/scheduler.py;
luigi,8,1,luigi/contrib/redshift.py;
luigi,9,2,luigi/execution_summary.py;test/retcodes_test.py;
matplotlib,1,3,lib/matplotlib/backend_bases.py;lib/matplotlib/figure.py;lib/matplotlib/tight_layout.py;
matplotlib,10,1,lib/matplotlib/axis.py;
matplotlib,11,1,lib/matplotlib/text.py;
matplotlib,12,1,lib/matplotlib/axes/_axes.py;
matplotlib,13,1,lib/matplotlib/path.py;
matplotlib,14,1,lib/matplotlib/text.py;
matplotlib,15,4,examples/userdemo/colormap_normalizations.py;examples/userdemo/colormap_normalizations_symlognorm.py;lib/matplotlib/colors.py;tutorials/colors/colormapnorms.py;
matplotlib,16,1,lib/matplotlib/transforms.py;
matplotlib,17,1,lib/matplotlib/transforms.py;
matplotlib,18,1,lib/matplotlib/projections/polar.py;
matplotlib,19,1,lib/matplotlib/projections/polar.py;
matplotlib,2,1,lib/matplotlib/axes/_axes.py;
matplotlib,20,2,lib/matplotlib/_constrained_layout.py;lib/matplotlib/backend_bases.py;
matplotlib,21,1,lib/matplotlib/axes/_axes.py;
matplotlib,22,1,lib/matplotlib/axes/_axes.py;
matplotlib,23,1,lib/matplotlib/axes/_base.py;
matplotlib,24,1,lib/matplotlib/axis.py;
matplotlib,25,1,lib/matplotlib/collections.py;
matplotlib,26,1,lib/matplotlib/axis.py;
matplotlib,27,1,lib/matplotlib/colorbar.py;
matplotlib,28,1,lib/matplotlib/axes/_base.py;
matplotlib,29,1,lib/matplotlib/axis.py;
matplotlib,3,1,lib/matplotlib/markers.py;
matplotlib,30,1,lib/matplotlib/colors.py;
matplotlib,4,2,lib/matplotlib/axes/_axes.py;lib/matplotlib/pyplot.py;
matplotlib,5,1,lib/matplotlib/axes/_axes.py;
matplotlib,6,1,lib/matplotlib/axes/_axes.py;
matplotlib,7,1,lib/matplotlib/colors.py;
matplotlib,8,1,lib/matplotlib/axes/_base.py;
matplotlib,9,1,lib/matplotlib/projections/polar.py;
pandas,1,1,pandas/core/dtypes/common.py;
pandas,10,1,pandas/core/internals/blocks.py;
pandas,100,1,pandas/core/generic.py;
pandas,101,1,pandas/core/dtypes/cast.py;
pandas,102,1,pandas/core/internals/construction.py;
pandas,103,2,pandas/core/groupby/generic.py;pandas/core/groupby/groupby.py;
pandas,104,1,pandas/core/groupby/groupby.py;
pandas,105,6,pandas/core/frame.py;pandas/core/generic.py;pandas/tests/arithmetic/conftest.py;pandas/tests/extension/base/reshaping.py;pandas/tests/extension/json/test_json.py;pandas/tests/extension/test_numpy.py;
pandas,106,1,pandas/core/indexes/base.py;
pandas,107,1,pandas/core/frame.py;
pandas,108,1,pandas/core/dtypes/cast.py;
pandas,109,1,pandas/core/arrays/categorical.py;
pandas,11,1,pandas/core/reshape/concat.py;
pandas,110,2,pandas/core/indexes/base.py;pandas/core/indexes/category.py;
pandas,111,2,pandas/core/indexes/base.py;pandas/core/indexes/category.py;
pandas,112,2,pandas/core/indexes/interval.py;pandas/tests/indexes/interval/test_indexing.py;
pandas,113,2,pandas/conftest.py;pandas/core/arrays/integer.py;
pandas,114,1,pandas/core/indexes/base.py;
pandas,115,1,pandas/core/missing.py;
pandas,116,1,pandas/core/reshape/merge.py;
pandas,117,1,pandas/core/dtypes/missing.py;
pandas,118,1,pandas/core/reshape/melt.py;
pandas,119,1,pandas/core/reshape/pivot.py;
pandas,12,1,pandas/core/frame.py;
pandas,120,2,pandas/core/groupby/generic.py;pandas/core/groupby/groupby.py;
pandas,121,2,pandas/core/internals/blocks.py;pandas/core/internals/managers.py;
pandas,122,1,pandas/core/internals/managers.py;
pandas,123,3,pandas/core/indexes/base.py;pandas/core/indexes/numeric.py;pandas/core/indexes/range.py;
pandas,124,1,pandas/core/strings.py;
pandas,125,2,pandas/core/arrays/categorical.py;pandas/core/internals/blocks.py;
pandas,126,1,pandas/core/frame.py;
pandas,127,1,pandas/core/generic.py;
pandas,128,1,pandas/io/json/_json.py;
pandas,129,1,pandas/core/arrays/datetimelike.py;
pandas,13,1,pandas/core/dtypes/missing.py;
pandas,130,1,pandas/core/groupby/ops.py;
pandas,131,1,pandas/core/indexes/accessors.py;
pandas,132,2,pandas/core/nanops.py;pandas/core/series.py;
pandas,133,1,pandas/core/generic.py;
pandas,134,2,pandas/tests/groupby/test_categorical.py;pandas/tseries/holiday.py;
pandas,135,1,pandas/core/groupby/ops.py;
pandas,136,1,pandas/core/reshape/merge.py;
pandas,137,1,pandas/core/arrays/categorical.py;
pandas,138,2,pandas/core/reshape/tile.py;pandas/tests/reshape/test_cut.py;
pandas,139,1,pandas/core/groupby/grouper.py;
pandas,14,2,pandas/core/ops/dispatch.py;pandas/tests/arithmetic/conftest.py;
pandas,140,1,pandas/core/groupby/generic.py;
pandas,141,1,pandas/core/indexes/range.py;
pandas,142,2,pandas/core/algorithms.py;pandas/tests/series/test_timeseries.py;
pandas,143,1,pandas/core/indexes/range.py;
pandas,144,1,pandas/plotting/_matplotlib/core.py;
pandas,145,1,pandas/core/ops/__init__.py;
pandas,146,2,pandas/core/dtypes/missing.py;pandas/core/indexes/base.py;
pandas,147,1,pandas/core/dtypes/dtypes.py;
pandas,148,1,pandas/core/apply.py;
pandas,149,1,pandas/io/parquet.py;
pandas,15,2,pandas/core/arrays/datetimelike.py;pandas/tests/indexes/timedeltas/test_timedelta.py;
pandas,150,1,pandas/core/dtypes/missing.py;
pandas,151,1,pandas/core/arrays/numpy_.py;
pandas,152,1,pandas/core/series.py;
pandas,153,1,pandas/core/internals/blocks.py;
pandas,154,1,pandas/core/groupby/groupby.py;
pandas,155,1,pandas/core/window/rolling.py;
pandas,156,1,pandas/core/sparse/frame.py;
pandas,157,1,pandas/core/reshape/merge.py;
pandas,158,1,pandas/core/series.py;
pandas,159,1,pandas/core/frame.py;
pandas,16,1,pandas/core/indexes/datetimelike.py;
pandas,160,1,pandas/core/computation/expressions.py;
pandas,161,1,pandas/core/arrays/categorical.py;
pandas,162,1,pandas/core/reshape/pivot.py;
pandas,163,1,pandas/core/window.py;
pandas,164,1,pandas/core/tools/datetimes.py;
pandas,165,3,pandas/core/arrays/datetimelike.py;pandas/tests/arithmetic/test_period.py;pandas/tests/arithmetic/test_timedelta64.py;
pandas,166,1,pandas/core/frame.py;
pandas,167,4,pandas/core/indexes/base.py;pandas/core/indexes/datetimes.py;pandas/core/indexes/period.py;pandas/core/indexing.py;
pandas,168,1,pandas/core/groupby/grouper.py;
pandas,169,1,pandas/core/frame.py;
pandas,17,3,pandas/core/arrays/datetimelike.py;pandas/tests/indexing/test_coercion.py;pandas/tests/indexing/test_partial.py;
pandas,18,2,pandas/core/window/common.py;pandas/core/window/rolling.py;
pandas,19,1,pandas/core/indexing.py;
pandas,2,1,pandas/core/indexing.py;
pandas,20,1,pandas/tseries/offsets.py;
pandas,21,1,pandas/core/series.py;
pandas,22,2,pandas/core/window/common.py;pandas/core/window/rolling.py;
pandas,23,2,pandas/core/indexes/datetimelike.py;pandas/tests/indexes/datetimes/test_indexing.py;
pandas,24,2,pandas/core/arrays/datetimes.py;pandas/tests/series/test_arithmetic.py;
pandas,25,1,pandas/core/arrays/datetimes.py;
pandas,26,1,pandas/core/arrays/categorical.py;
pandas,27,1,pandas/core/arrays/datetimes.py;
pandas,28,1,pandas/core/strings.py;
pandas,29,1,pandas/core/arrays/interval.py;
pandas,3,1,pandas/core/series.py;
pandas,30,1,pandas/io/json/_json.py;
pandas,31,1,pandas/core/groupby/groupby.py;
pandas,32,1,pandas/io/sas/sas_xport.py;
pandas,33,1,pandas/core/arrays/integer.py;
pandas,34,1,pandas/core/resample.py;
pandas,35,1,pandas/core/indexes/period.py;
pandas,36,1,pandas/core/dtypes/missing.py;
pandas,37,1,pandas/core/arrays/string_.py;
pandas,38,1,pandas/core/reshape/reshape.py;
pandas,39,1,pandas/core/ops/methods.py;
pandas,4,1,pandas/core/indexes/base.py;
pandas,40,1,pandas/core/reshape/merge.py;
pandas,41,1,pandas/core/internals/blocks.py;
pandas,42,1,pandas/_testing.py;
pandas,43,1,pandas/core/ops/__init__.py;
pandas,44,5,pandas/core/indexes/base.py;pandas/core/indexes/datetimelike.py;pandas/core/indexes/datetimes.py;pandas/core/indexes/period.py;pandas/core/indexes/timedeltas.py;
pandas,45,1,pandas/core/construction.py;
pandas,46,3,pandas/core/indexes/multi.py;pandas/core/reshape/util.py;pandas/tests/reshape/test_util.py;
pandas,47,2,pandas/core/frame.py;pandas/core/indexing.py;
pandas,48,1,pandas/core/groupby/generic.py;
pandas,49,1,pandas/core/strings.py;
pandas,5,2,pandas/core/indexes/base.py;pandas/tests/indexes/multi/test_join.py;
pandas,50,1,pandas/core/arrays/categorical.py;
pandas,51,1,pandas/core/indexes/category.py;
pandas,52,1,pandas/core/groupby/generic.py;
pandas,53,3,pandas/core/indexes/base.py;pandas/core/series.py;pandas/tests/indexing/test_scalar.py;
pandas,54,2,pandas/core/dtypes/dtypes.py;pandas/tests/indexes/common.py;
pandas,55,2,pandas/core/generic.py;pandas/core/indexing.py;
pandas,56,1,pandas/core/frame.py;
pandas,57,2,pandas/_testing.py;pandas/core/arrays/categorical.py;
pandas,58,1,pandas/core/arrays/categorical.py;
pandas,59,1,pandas/core/window/rolling.py;
pandas,6,1,pandas/core/groupby/grouper.py;
pandas,60,1,pandas/core/window/rolling.py;
pandas,61,1,pandas/core/series.py;
pandas,62,2,pandas/core/internals/blocks.py;pandas/io/stata.py;
pandas,63,1,pandas/core/indexing.py;
pandas,64,1,pandas/io/formats/excel.py;
pandas,65,2,pandas/io/common.py;pandas/io/parsers.py;
pandas,66,2,pandas/core/generic.py;pandas/core/internals/managers.py;
pandas,67,1,pandas/core/internals/blocks.py;
pandas,68,2,pandas/core/arrays/interval.py;pandas/tests/extension/base/methods.py;
pandas,69,1,pandas/core/indexing.py;
pandas,7,1,pandas/core/indexes/base.py;
pandas,70,5,pandas/core/groupby/groupby.py;pandas/core/groupby/ops.py;pandas/tests/groupby/aggregate/test_aggregate.py;pandas/tests/resample/test_datetime_index.py;pandas/tests/resample/test_timedelta.py;
pandas,71,1,pandas/core/reshape/tile.py;
pandas,72,1,pandas/core/internals/blocks.py;
pandas,73,2,pandas/core/frame.py;pandas/core/ops/missing.py;
pandas,74,1,pandas/core/indexes/timedeltas.py;
pandas,75,1,pandas/core/indexes/period.py;
pandas,76,1,pandas/io/json/_json.py;
pandas,77,1,pandas/core/ops/array_ops.py;
pandas,78,1,pandas/core/frame.py;
pandas,79,4,pandas/core/groupby/grouper.py;pandas/core/indexes/datetimes.py;pandas/core/indexes/multi.py;pandas/core/series.py;
pandas,8,1,pandas/core/internals/blocks.py;
pandas,80,7,pandas/core/arrays/masked.py;pandas/core/generic.py;pandas/core/indexing.py;pandas/tests/arrays/test_boolean.py;pandas/tests/extension/base/__init__.py;pandas/tests/extension/base/ops.py;pandas/tests/frame/test_operators.py;
pandas,81,1,pandas/core/arrays/integer.py;
pandas,82,1,pandas/core/internals/concat.py;
pandas,83,2,pandas/core/indexes/api.py;pandas/core/reshape/concat.py;
pandas,84,2,pandas/core/reshape/reshape.py;pandas/tests/series/test_analytics.py;
pandas,85,1,pandas/core/indexes/multi.py;
pandas,86,1,pandas/core/reshape/pivot.py;
pandas,87,1,pandas/core/reshape/pivot.py;
pandas,88,1,pandas/core/reshape/pivot.py;
pandas,89,1,pandas/core/reshape/reshape.py;
pandas,9,2,pandas/core/arrays/categorical.py;pandas/core/indexes/category.py;
pandas,90,2,pandas/_testing.py;pandas/io/pickle.py;
pandas,91,1,pandas/core/indexes/timedeltas.py;
pandas,92,5,pandas/core/generic.py;pandas/core/indexes/period.py;pandas/core/resample.py;pandas/tests/indexes/period/test_period.py;pandas/tests/indexes/period/test_tools.py;
pandas,93,1,pandas/core/arrays/datetimelike.py;
pandas,94,1,pandas/core/indexes/datetimelike.py;
pandas,95,1,pandas/core/arrays/period.py;
pandas,96,1,pandas/tseries/offsets.py;
pandas,97,1,pandas/core/indexes/timedeltas.py;
pandas,98,1,pandas/core/indexes/base.py;
pandas,99,1,pandas/core/tools/datetimes.py;
PySnooper,1,3,pysnooper/pycompat.py;pysnooper/tracer.py;tests/utils.py;
PySnooper,2,1,pysnooper/tracer.py;
PySnooper,3,1,pysnooper/pysnooper.py;
sanic,1,1,sanic/app.py;
sanic,2,1,sanic/server.py;
sanic,3,1,sanic/app.py;
sanic,4,1,sanic/request.py;
sanic,5,1,sanic/log.py;
scrapy,1,1,scrapy/spidermiddlewares/offsite.py;
scrapy,10,1,scrapy/downloadermiddlewares/redirect.py;
scrapy,11,1,scrapy/utils/gz.py;
scrapy,12,1,scrapy/selector/unified.py;
scrapy,13,1,scrapy/pipelines/images.py;
scrapy,14,1,scrapy/utils/gz.py;
scrapy,15,1,scrapy/utils/url.py;
scrapy,16,1,scrapy/utils/url.py;
scrapy,17,1,scrapy/utils/response.py;
scrapy,18,1,scrapy/responsetypes.py;
scrapy,19,1,scrapy/http/cookies.py;
scrapy,2,1,scrapy/utils/datatypes.py;
scrapy,20,1,scrapy/spiders/sitemap.py;
scrapy,21,1,scrapy/downloadermiddlewares/robotstxt.py;
scrapy,22,1,scrapy/exporters.py;
scrapy,23,2,scrapy/downloadermiddlewares/httpproxy.py;tests/test_downloadermiddleware_retry.py;
scrapy,24,1,scrapy/core/downloader/handlers/http11.py;
scrapy,25,1,scrapy/http/request/form.py;
scrapy,26,1,scrapy/settings/__init__.py;
scrapy,27,1,scrapy/downloadermiddlewares/redirect.py;
scrapy,28,1,scrapy/dupefilters.py;
scrapy,29,1,scrapy/utils/request.py;
scrapy,3,1,scrapy/downloadermiddlewares/redirect.py;
scrapy,30,3,scrapy/cmdline.py;scrapy/utils/testproc.py;tests/test_cmdline/__init__.py;
scrapy,31,1,scrapy/http/cookies.py;
scrapy,32,1,scrapy/crawler.py;
scrapy,33,8,scrapy/core/engine.py;scrapy/core/scraper.py;scrapy/downloadermiddlewares/robotstxt.py;scrapy/extensions/feedexport.py;scrapy/log.py;scrapy/pipelines/files.py;scrapy/pipelines/media.py;scrapy/utils/signal.py;
scrapy,34,1,scrapy/item.py;
scrapy,35,1,scrapy/crawler.py;
scrapy,36,1,scrapy/utils/misc.py;
scrapy,37,1,scrapy/http/request/__init__.py;
scrapy,38,1,scrapy/http/request/form.py;
scrapy,39,1,scrapy/spiders/__init__.py;
scrapy,4,1,scrapy/contracts/__init__.py;
scrapy,40,1,scrapy/exporters.py;
scrapy,5,1,scrapy/http/response/__init__.py;
scrapy,6,1,scrapy/pipelines/images.py;
scrapy,7,1,scrapy/http/request/form.py;
scrapy,8,1,scrapy/item.py;
scrapy,9,1,scrapy/mail.py;
spacy,1,1,spacy/errors.py;
spacy,10,1,spacy/errors.py;
spacy,2,1,spacy/util.py;
spacy,3,1,bin/wiki_entity_linking/wikipedia_processor.py;
spacy,4,1,spacy/cli/converters/conllu2json.py;
spacy,5,1,spacy/language.py;
spacy,6,1,spacy/language.py;
spacy,7,2,examples/information_extraction/entity_relations.py;spacy/util.py;
spacy,8,1,spacy/errors.py;
spacy,9,1,spacy/errors.py;
thefuck,1,1,thefuck/rules/pip_unknown_command.py;
thefuck,10,1,thefuck/rules/man.py;
thefuck,11,1,thefuck/rules/git_push.py;
thefuck,12,1,thefuck/rules/no_command.py;
thefuck,13,1,thefuck/rules/git_branch_exists.py;
thefuck,14,1,thefuck/shells/fish.py;
thefuck,15,1,thefuck/rules/git_add.py;
thefuck,16,4,thefuck/shells/bash.py;thefuck/shells/fish.py;thefuck/shells/zsh.py;thefuck/types.py;
thefuck,17,2,thefuck/shells/bash.py;thefuck/shells/zsh.py;
thefuck,18,1,thefuck/rules/sudo.py;
thefuck,19,1,thefuck/rules/git_push_force.py;
thefuck,2,1,thefuck/utils.py;
thefuck,20,1,thefuck/rules/dirty_unzip.py;
thefuck,21,1,thefuck/rules/git_fix_stash.py;
thefuck,22,1,thefuck/types.py;
thefuck,23,1,thefuck/utils.py;
thefuck,24,1,thefuck/types.py;
thefuck,25,1,thefuck/rules/mkdir_p.py;
thefuck,26,1,thefuck/rules/vagrant_up.py;
thefuck,27,1,thefuck/rules/open.py;
thefuck,28,1,thefuck/rules/fix_file.py;
thefuck,29,1,thefuck/types.py;
thefuck,3,1,thefuck/shells/fish.py;
thefuck,30,1,thefuck/rules/fix_file.py;
thefuck,31,1,thefuck/rules/git_diff_staged.py;
thefuck,32,1,thefuck/rules/ls_lah.py;
thefuck,4,1,thefuck/shells/fish.py;
thefuck,5,1,thefuck/rules/git_push.py;
thefuck,6,1,thefuck/rules/git_branch_exists.py;
thefuck,7,1,thefuck/rules/php_s.py;
thefuck,8,1,thefuck/rules/dnf_no_such_command.py;
thefuck,9,1,thefuck/rules/git_push.py;
tornado,1,1,tornado/websocket.py;
tornado,10,2,tornado/web.py;tornado/websocket.py;
tornado,11,1,tornado/http1connection.py;
tornado,12,1,tornado/auth.py;
tornado,13,2,tornado/http1connection.py;tornado/test/runtests.py;
tornado,14,1,tornado/ioloop.py;
tornado,15,2,setup.py;tornado/web.py;
tornado,16,1,tornado/gen.py;
tornado,2,1,tornado/http1connection.py;
tornado,3,1,tornado/httpclient.py;
tornado,4,1,tornado/web.py;
tornado,5,1,tornado/ioloop.py;
tornado,6,2,tornado/ioloop.py;tornado/platform/asyncio.py;
tornado,7,1,tornado/ioloop.py;
tornado,8,1,tornado/websocket.py;
tornado,9,1,tornado/httputil.py;
tqdm,1,1,tqdm/contrib/__init__.py;
tqdm,2,2,tqdm/std.py;tqdm/utils.py;
tqdm,3,1,tqdm/_tqdm.py;
tqdm,4,1,tqdm/_tqdm.py;
tqdm,5,1,tqdm/_tqdm.py;
tqdm,6,1,tqdm/_tqdm.py;
tqdm,7,1,tqdm/_main.py;
tqdm,8,1,tqdm/_tqdm.py;
tqdm,9,1,tqdm/_tqdm.py;
youtube-dl,1,1,youtube_dl/utils.py;
youtube-dl,10,1,youtube_dl/utils.py;
youtube-dl,11,1,youtube_dl/utils.py;
youtube-dl,12,1,youtube_dl/YoutubeDL.py;
youtube-dl,13,1,youtube_dl/utils.py;
youtube-dl,14,1,youtube_dl/extractor/youtube.py;
youtube-dl,15,1,youtube_dl/utils.py;
youtube-dl,16,2,youtube_dl/postprocessor/ffmpeg.py;youtube_dl/utils.py;
youtube-dl,17,1,youtube_dl/utils.py;
youtube-dl,18,1,youtube_dl/YoutubeDL.py;
youtube-dl,19,1,youtube_dl/YoutubeDL.py;
youtube-dl,2,1,youtube_dl/extractor/common.py;
youtube-dl,20,1,youtube_dl/utils.py;
youtube-dl,21,1,youtube_dl/utils.py;
youtube-dl,22,1,youtube_dl/utils.py;
youtube-dl,23,1,youtube_dl/utils.py;
youtube-dl,24,1,youtube_dl/utils.py;
youtube-dl,25,1,youtube_dl/utils.py;
youtube-dl,26,1,youtube_dl/utils.py;
youtube-dl,27,1,youtube_dl/utils.py;
youtube-dl,28,1,youtube_dl/utils.py;
youtube-dl,29,1,youtube_dl/utils.py;
youtube-dl,3,1,youtube_dl/utils.py;
youtube-dl,30,1,youtube_dl/YoutubeDL.py;
youtube-dl,31,2,youtube_dl/extractor/minhateca.py;youtube_dl/utils.py;
youtube-dl,32,2,youtube_dl/extractor/npo.py;youtube_dl/utils.py;
youtube-dl,33,2,youtube_dl/extractor/drtv.py;youtube_dl/utils.py;
youtube-dl,34,1,youtube_dl/utils.py;
youtube-dl,35,2,youtube_dl/extractor/arte.py;youtube_dl/utils.py;
youtube-dl,36,1,youtube_dl/extractor/facebook.py;
youtube-dl,37,1,youtube_dl/utils.py;
youtube-dl,38,2,youtube_dl/extractor/facebook.py;youtube_dl/utils.py;
youtube-dl,39,2,youtube_dl/extractor/facebook.py;youtube_dl/utils.py;
youtube-dl,4,1,youtube_dl/jsinterp.py;
youtube-dl,40,2,youtube_dl/downloader/f4m.py;youtube_dl/utils.py;
youtube-dl,41,1,youtube_dl/utils.py;
youtube-dl,42,4,youtube_dl/extractor/clipsyndicate.py;youtube_dl/extractor/metacritic.py;youtube_dl/extractor/mtv.py;youtube_dl/utils.py;
youtube-dl,43,1,youtube_dl/utils.py;
youtube-dl,5,1,youtube_dl/utils.py;
youtube-dl,6,1,youtube_dl/utils.py;
youtube-dl,7,1,youtube_dl/utils.py;
youtube-dl,8,1,youtube_dl/YoutubeDL.py;
youtube-dl,9,1,youtube_dl/YoutubeDL.py;
